Index,2,3,6,11,14,22,26,32,39,40,43,44,45,46,47,54,55,56,57,58,59,64,66,68,70,76,77,81,82,86,89,91,93,95,102,105,110,116,118,120,121,126,127,133,137,140,142,143,148,149,152,153,156,160,163,173,175,177,191,194,196,202,216,217,224,229,230,231,238,239,246,247,248,256,258,262,267,268,275,277,287,288,297,298,300,301,305,306,313,319,320,321,328,330,331,333,336,338,341,356,358,374,380,382,387,403,407,408,410,411,412,413,415,427,431,432,436,445,450,459,460,465,470,472,474,477,479,482,483,484,485,486,493,494,495,528,534,552,557,560,566,575,586,589,590,593,594,598,601,607,610,613,614,615,619,625,628,629,630,638,646,647,650,663,664,666,671,674,677,679,704,705,708,715,718,726,728,731,734,737,749,750,753,757,760,769,771,777,780,784,788,797,801,802,805,806,808,809,810,818,828,832,837,844,848,866,867,875,880,881,892,897,915,936,937,958,959,960,962,
Basic - Area,13.203125,8.623291,5.116211,62.549805,13.8220215,27.190186,7.3029785,6.188965,3.0532227,3.50708,102.778076,5.7351074,3.5483398,10.975098,15.719971,9.118408,8.705811,3.7546387,83.798584,7.0966797,6.519043,6.312744,22.569092,32.141357,3.0532227,10.52124,6.684082,18.443115,60.610596,4.1259766,12.542969,38.4541,39.279297,60.07422,4.8686523,24.54956,8.210693,5.28125,5.1987305,11.346436,4.6210938,20.464844,8.458252,4.8686523,5.5288086,8.086914,11.222656,55.123047,4.8686523,6.477783,3.2595215,5.5700684,11.222656,7.2617188,41.466064,4.1259766,6.354004,10.892578,6.6015625,3.50708,88.33716,9.159668,11.140137,3.8371582,3.5895996,12.419189,3.0532227,5.6938477,19.30957,5.8588867,3.011963,13.739502,3.4658203,3.7958984,5.6938477,4.208496,5.1574707,11.841553,7.8393555,3.8371582,3.011963,5.487549,18.649414,9.696045,6.725342,5.3637695,12.130371,7.3442383,4.951172,13.244385,3.0532227,16.00879,9.737305,3.4245605,6.9729004,5.0336914,10.810059,4.1259766,7.3442383,5.32251,8.623291,3.2595215,7.1379395,7.1379395,4.744873,3.0944824,5.9001465,9.159668,5.1574707,13.987061,108.76074,21.372559,10.60376,20.010986,7.0966797,7.3442383,8.045654,5.23999,4.2910156,7.8393555,3.2182617,5.5700684,5.1574707,15.348633,33.42041,4.1259766,4.043457,21.24878,3.50708,3.1357422,10.686279,4.8686523,13.945801,3.3007812,16.050049,6.519043,5.074951,6.6015625,9.077148,4.9924316,36.556152,5.9414062,22.73413,6.684082,14.275879,5.8588867,5.982666,9.2421875,6.354004,4.6623535,6.519043,7.2617188,4.744873,4.6210938,5.5288086,4.744873,3.0944824,6.9729004,4.043457,4.579834,3.1357422,5.28125,54.958008,5.6938477,6.684082,3.7958984,5.817627,3.50708,5.9414062,3.50708,3.4658203,8.994629,3.2595215,7.01416,9.613525,6.6015625,14.358398,3.4245605,3.9196777,3.177002,60.693115,4.579834,3.4658203,5.1987305,4.9924316,14.770996,3.2595215,21.24878,5.7351074,5.32251,13.945801,11.676514,3.5895996,3.3833008,3.011963,13.8220215,3.2595215,15.059814,3.342041,9.283447,3.9196777,3.6308594,13.368164,3.5483398,3.011963,6.849121,3.342041,3.3007812,42.951416,3.177002,5.652588,5.9001465,3.7958984,17.411621,3.9609375,11.098877,4.414795,10.067383,5.3637695,
Basic - Perimeter,32.36472,22.468468,12.877923,71.50305,32.331207,46.769737,23.931578,14.54436,10.36486,9.246046,173.24004,16.189062,9.6072035,24.969955,32.991158,35.410378,18.761032,7.4183283,119.905304,14.740984,16.133608,22.145906,43.233734,58.65336,9.971812,18.37956,21.862143,44.844723,88.09816,12.310188,20.43072,62.27508,49.198906,75.65208,14.78811,36.381313,14.074125,20.185547,13.412141,26.348969,10.32789,52.414177,20.083174,18.292421,17.395218,15.888436,22.969172,70.35336,17.252422,14.843563,9.593798,16.528282,30.35886,17.633686,43.188232,12.60086,16.323532,25.692064,13.748314,9.474564,95.49821,24.034157,29.787672,14.136282,13.143405,29.759235,6.8656254,17.173407,51.113968,18.149424,8.312078,30.135424,8.752251,9.876141,10.830219,17.121407,16.89289,25.374779,20.983421,13.849063,9.704703,11.263687,40.500286,24.931154,21.452234,13.386953,27.711533,21.213564,10.059156,21.428469,7.974484,41.34366,23.531828,9.7735615,15.330656,15.958923,22.193031,14.159845,21.21011,14.534405,20.279593,10.973017,24.905968,18.263783,12.726798,8.973861,17.788265,26.520405,15.6749525,37.792427,160.4716,44.62108,25.545815,43.260345,18.414907,15.495189,20.108358,18.72386,11.443251,23.234453,14.065797,16.966827,15.00972,28.391594,47.767487,8.841219,18.821564,37.414608,9.839172,10.707531,19.807531,14.441982,35.17353,11.011609,28.138094,18.184767,11.656735,10.847078,20.412235,16.807375,78.44058,15.560798,60.642353,19.404327,28.999748,16.04464,18.132765,28.064157,17.917656,13.449111,16.568703,13.382079,13.180373,12.627672,19.061655,13.528125,8.847921,17.12811,12.476547,12.983953,9.719735,12.483251,89.85215,14.122876,24.09814,12.303484,19.731968,10.121312,18.57944,8.330563,13.635578,21.961266,9.113407,15.827908,29.626595,18.71553,25.087358,11.550906,10.731094,8.102047,115.13774,13.838907,9.3015,17.904251,15.982484,28.856953,10.218814,43.5175,15.505343,10.969563,33.562546,24.491188,9.399,7.9895163,10.838547,30.039753,9.000875,30.612564,10.36486,24.652266,13.761719,9.812157,29.412907,11.10911,12.422718,22.668344,10.21536,8.977312,73.49692,9.28464,13.017468,17.459002,11.110735,34.706547,10.0087805,28.640423,11.476969,22.072172,12.192578,
Basic - Circularity,6.3133097,4.658692,2.5794868,6.5044913,6.018142,6.401884,6.240692,2.7199526,2.800003,1.9397981,23.237328,3.63657,2.0699453,4.5208206,5.509771,10.942894,3.217321,1.166364,13.653068,2.4366205,3.177381,6.182425,6.5905485,8.517491,2.591671,2.555015,5.6902823,8.677179,10.190025,2.9227576,2.6482387,8.025574,4.9038515,7.5813007,3.5744293,4.290453,1.9197874,6.13952,2.7535253,4.8692036,1.8368285,10.682655,3.7946718,5.469199,4.3553023,2.4841032,3.7409778,7.1454015,4.8649855,2.7066996,2.2470741,3.9028788,6.5352983,3.4075084,3.579548,3.0624127,3.3371131,4.8223357,2.2784646,2.036868,8.215559,5.0184336,6.3382993,4.1442966,3.8296573,5.6746674,1.2285472,4.1218977,10.76705,4.4740486,1.8254073,5.259855,1.7588289,2.0447965,1.6393013,5.542964,4.403128,4.326991,4.4695354,3.9776008,2.4883132,1.8398097,6.999083,5.101293,5.4452877,2.658787,5.037756,4.876078,1.6263173,2.7589295,1.6574363,8.496684,4.52546,2.2196832,2.6822433,4.026343,3.625729,3.8670554,4.8744903,3.1584074,3.7952077,2.939601,6.9155087,3.718765,2.7164633,2.0709078,4.2677064,6.1104145,3.791105,8.125934,18.841452,7.413337,4.897447,7.442205,3.802542,2.6015797,3.9992816,5.3241515,2.4284482,5.479926,4.8921237,4.1127367,3.4761503,4.1792655,5.4330425,1.5076053,6.9718604,5.2425013,2.1966536,2.9095678,2.921624,3.4090626,7.0595756,2.9233105,3.9255736,4.036656,2.1306503,1.4183028,3.652766,4.5027494,13.39403,3.2431319,12.872528,4.482761,4.687872,3.4965115,4.3734426,6.7814,4.020731,3.0872521,3.3510685,1.9624469,2.91354,2.7459457,5.2297363,3.06931,2.0131893,3.3480785,3.063558,2.9292357,2.3975003,2.3480577,11.6900425,2.7876008,6.9137783,3.1734507,5.325803,2.3244386,4.6234493,1.5746828,4.2690496,4.2669897,2.0276728,2.8422446,7.2655907,4.222286,3.4881408,3.1003976,2.3379102,1.6442285,17.381454,3.3276987,1.9865069,4.9068766,4.071614,4.4862275,2.5493958,7.0922503,3.3358872,1.7990874,6.427713,4.087866,1.9584272,1.5013796,3.1037207,5.1953077,1.9779067,4.951878,2.5580275,5.2094817,3.8449006,2.1101322,5.149846,2.7677283,4.0773106,5.9702826,2.4847672,1.9429698,10.008083,2.1592495,2.3855903,4.111177,2.5879812,5.5052085,2.012586,5.881254,2.3742912,3.850913,2.2055206,
Curve - P Value on max Dff (-log10),Infinity,Infinity,15.653559774527022,Infinity,Infinity,Infinity,Infinity,8.520316670320861,Infinity,7.624523993931905,Infinity,15.653559774527022,Infinity,Infinity,Infinity,9.43278754087532,Infinity,Infinity,Infinity,Infinity,Infinity,Infinity,Infinity,Infinity,Infinity,Infinity,Infinity,Infinity,Infinity,Infinity,Infinity,Infinity,Infinity,Infinity,6.956710684345069,Infinity,Infinity,11.85598065089071,Infinity,Infinity,Infinity,Infinity,Infinity,4.21608505825632,Infinity,Infinity,Infinity,Infinity,4.008045578106622,Infinity,11.71956661069578,Infinity,Infinity,Infinity,Infinity,Infinity,Infinity,Infinity,Infinity,12.852842696244638,Infinity,15.954589770191003,Infinity,11.922898601565857,9.858473677853945,Infinity,Infinity,Infinity,Infinity,Infinity,Infinity,Infinity,4.560962538533957,Infinity,Infinity,Infinity,Infinity,Infinity,Infinity,Infinity,Infinity,10.182875179409749,Infinity,Infinity,Infinity,Infinity,Infinity,Infinity,10.170488374839255,Infinity,Infinity,Infinity,Infinity,Infinity,Infinity,8.143303719873693,Infinity,Infinity,Infinity,10.850666378268741,Infinity,Infinity,Infinity,Infinity,Infinity,Infinity,10.635260892704677,Infinity,11.355678946612045,Infinity,Infinity,Infinity,Infinity,Infinity,Infinity,Infinity,Infinity,Infinity,Infinity,Infinity,Infinity,Infinity,Infinity,Infinity,Infinity,12.65968285958581,Infinity,Infinity,Infinity,Infinity,Infinity,Infinity,Infinity,11.03143386319756,Infinity,Infinity,Infinity,Infinity,Infinity,Infinity,Infinity,Infinity,Infinity,12.18336986824147,Infinity,11.946500833899426,14.230313900590215,Infinity,9.744026209374505,13.141676413548147,Infinity,9.749929698306278,Infinity,11.786298581339738,12.652475393234802,8.647261920240801,Infinity,Infinity,11.594432005443661,13.191911206463567,Infinity,Infinity,Infinity,Infinity,Infinity,Infinity,Infinity,Infinity,Infinity,8.387687283896831,9.971735797468686,12.249581810857668,8.628990786106643,Infinity,Infinity,Infinity,Infinity,Infinity,Infinity,14.085358050460027,Infinity,Infinity,Infinity,Infinity,Infinity,Infinity,Infinity,Infinity,Infinity,15.653559774527022,Infinity,Infinity,Infinity,Infinity,Infinity,Infinity,9.310396562402548,Infinity,Infinity,Infinity,6.244410914011229,12.40866444083516,Infinity,Infinity,9.349969142166827,Infinity,12.894647882129048,Infinity,Infinity,Infinity,Infinity,Infinity,Infinity,11.891519244548043,Infinity,Infinity,Infinity,Infinity,Infinity,
Curve - Max Dff,1.2773635,0.973653,1.1477816,0.48340875,0.8477782,0.80710006,1.003297,0.5046798,0.6249614,0.7281713,0.84779596,0.46643344,0.8370864,0.7389187,0.6479301,0.36432907,0.63982326,0.5305797,0.4056728,0.77645564,0.8555741,0.46674326,0.7253527,0.74093825,0.632927,0.68094105,0.5594539,0.54959613,0.52155244,1.0976917,0.76689863,0.7808915,0.311389,0.8371772,0.61326617,0.54865277,0.51616853,0.67565006,0.5302809,0.9212123,0.7301664,0.6113663,0.77923805,0.50600696,0.8054264,0.63568914,0.61558914,0.5335241,0.5542272,0.45233342,0.9896014,0.9785427,0.58475244,0.851193,0.35090205,0.7453828,0.6687779,0.80525756,0.85739005,0.82266563,0.49578002,0.57619303,0.6573372,0.88203335,0.6345615,0.7470833,0.8080682,0.7494612,0.6393671,0.7575668,0.71174055,0.8322795,0.47699037,0.8236931,0.7823375,0.82530606,0.65783906,1.0426118,0.45089954,0.68304294,0.9424754,0.94517195,0.70862055,0.5914893,0.6475637,0.85217637,0.65535384,0.5296394,0.66265595,0.91096145,0.79738253,0.6241238,0.6924513,0.8855786,0.7882676,0.6480722,0.60366815,0.5755634,0.7511698,0.45965117,0.79422736,0.7560211,0.6421239,0.6469915,0.6121898,1.0153724,0.6831201,0.7483647,0.51282305,0.6410572,0.58606714,0.5025707,0.75555867,0.42733458,0.798681,0.5903144,0.8076413,0.69213396,0.7320421,0.50605905,0.7251424,0.6432369,0.37813234,0.63711905,0.6904291,0.74735415,0.86142284,0.4069297,0.5561918,0.63252884,0.5825991,0.6968539,0.5022286,0.5138854,0.7212074,0.84290975,0.5861482,0.66985166,0.5360619,0.53807145,0.52430564,0.673882,0.5594333,0.6400864,0.5442296,0.7220148,0.600984,0.7437152,0.6340481,0.5744393,0.72345597,0.57562447,0.54404104,0.6155111,0.5851972,0.536001,0.9280887,0.54924864,0.6090262,0.70667255,0.5902073,0.5408065,0.4858498,0.54863584,0.64654136,0.48373377,0.8747297,1.030575,0.6218198,0.49594188,0.4805835,0.54089457,0.7255468,0.65219367,0.67093915,0.5019791,0.6801301,0.7156571,0.7358764,0.60878754,0.6191326,0.45617235,0.48816425,0.53996724,0.6716091,0.5957857,0.64481753,0.8137118,0.57322085,0.40478304,0.54346025,0.5526275,0.67225933,0.79170287,0.9669634,0.4660022,0.6786675,0.94829494,0.7768841,0.90569687,0.5902132,0.7318207,0.6860806,0.7247646,0.6435824,0.635496,0.60086256,0.8303042,0.654993,0.7236146,0.88461834,0.55186725,0.68659043,0.54436976,0.5515208,0.5569604,0.62464577,0.73272085,0.653937,
Curve - Duration 50% to 50%,2.916,4.212,5.184,6.156,2.916,6.156,13.932,3.24,2.2680001,5.184,10.044,4.5360003,1.944,8.424,2.2680001,0.972,2.2680001,1.296,5.508,2.916,2.916,1.296,5.832,3.24,3.24,1.296,4.212,3.24,3.5640001,2.592,4.212,7.1280003,2.592,9.0720005,2.2680001,1.944,1.62,3.24,1.62,5.508,2.916,3.24,5.832,10.692,0.972,7.1280003,2.2680001,2.2680001,3.888,1.296,1.62,3.5640001,1.62,1.296,12.312,1.62,0.648,7.452,0.972,3.24,4.5360003,8.424,4.5360003,4.5360003,6.804,1.62,4.86,8.748,2.916,4.212,1.944,1.944,1.296,4.212,1.296,3.24,3.24,5.508,0.972,2.592,1.944,5.832,4.86,3.888,1.296,2.592,3.888,2.2680001,9.0720005,6.156,5.508,1.944,7.452,2.2680001,0.972,3.888,1.296,2.916,4.212,2.2680001,1.296,2.2680001,0.972,1.296,2.916,1.62,1.296,2.916,4.5360003,5.184,5.508,1.944,3.5640001,3.5640001,0.972,3.24,2.592,1.296,3.24,1.62,2.916,5.184,1.62,3.24,3.5640001,3.24,7.776,5.184,1.296,1.62,6.156,0.972,2.916,1.62,2.592,2.2680001,3.5640001,1.62,3.888,1.296,3.24,6.804,2.916,1.62,2.2680001,6.156,2.916,2.2680001,2.592,0.972,1.296,6.156,7.1280003,2.592,2.2680001,2.592,4.5360003,3.888,3.24,2.916,3.24,4.86,5.832,12.312,1.296,1.296,1.62,4.86,1.296,0.972,1.296,4.5360003,1.296,3.888,3.888,2.592,3.5640001,6.804,6.804,3.24,4.86,0.648,1.296,0.972,1.62,4.5360003,2.2680001,4.212,1.944,1.944,1.944,1.944,1.62,0.648,1.944,1.944,1.296,4.212,1.62,0.972,3.5640001,2.916,6.804,1.944,2.916,1.62,1.944,1.296,3.24,3.5640001,1.944,0.972,2.2680001,3.24,3.888,4.5360003,1.944,7.776,3.5640001,
Curve - Duration 10% to 10%,3.24,6.156,5.184,7.776,2.916,11.016,16.2,4.86,3.24,6.156,10.044,4.5360003,3.24,8.424,4.86,6.156,2.592,5.832,6.48,4.5360003,4.212,3.24,6.804,5.832,5.184,3.888,4.212,3.5640001,5.508,2.592,5.832,7.1280003,4.212,10.368,2.2680001,2.2680001,2.592,4.86,1.944,5.508,4.212,4.212,7.1280003,10.692,2.2680001,7.1280003,2.2680001,2.592,3.888,3.5640001,2.2680001,3.5640001,3.24,1.944,12.96,2.592,2.592,10.368,2.916,6.804,4.86,8.424,4.86,4.5360003,9.0720005,2.592,10.044,12.312,6.804,5.508,9.72,2.592,1.62,5.508,3.24,7.1280003,5.508,5.832,1.944,2.592,4.5360003,5.832,6.48,4.86,3.888,4.86,5.508,4.212,11.016,6.156,9.72,4.86,8.1,3.24,1.944,3.888,1.62,5.832,6.804,3.888,1.944,6.48,3.24,4.212,4.86,2.916,6.48,3.888,5.184,5.508,9.396,4.86,3.5640001,8.424,1.944,6.804,3.24,12.96,4.212,3.888,7.776,13.608,2.916,4.5360003,5.184,3.5640001,8.1,7.452,6.48,2.2680001,10.692,2.916,3.888,5.832,6.48,6.804,5.832,8.748,4.86,4.86,4.5360003,7.1280003,4.86,1.944,6.156,6.156,2.916,5.184,5.832,2.916,1.62,9.72,9.0720005,4.212,2.592,4.5360003,7.776,11.016,3.24,2.916,5.508,10.044,7.1280003,14.904,3.888,3.5640001,1.62,6.48,4.86,8.748,5.184,4.5360003,4.86,5.184,4.212,5.184,11.016,17.172,9.396,9.72,8.424,8.424,10.044,1.944,3.24,5.184,7.776,4.5360003,2.916,6.804,5.184,4.5360003,4.212,3.888,9.0720005,5.832,3.888,5.184,3.24,1.62,7.1280003,5.508,8.424,4.212,4.86,4.5360003,4.86,1.296,4.86,8.748,2.592,2.916,9.0720005,5.184,12.636,4.86,2.916,8.1,9.0720005,
Curve - Rising Duration 10% to 90%,1.944,2.916,1.62,2.2680001,0.972,6.48,3.888,2.2680001,2.592,4.86,1.62,0.648,1.296,3.24,1.944,2.2680001,0.972,5.184,2.592,1.296,0.972,1.62,0.648,2.2680001,2.2680001,2.2680001,1.944,1.944,3.24,0.648,1.944,3.24,1.62,1.62,0.648,0.648,1.296,1.944,0.972,3.24,1.944,1.296,3.24,4.212,1.296,2.2680001,1.296,0.648,0.324,1.62,1.296,2.592,1.296,0.972,2.2680001,0.648,0.648,0.648,0.648,3.5640001,0.972,5.184,2.592,0.324,1.944,0.972,5.832,1.62,3.24,3.5640001,1.62,1.296,0.648,0.648,0.648,0.972,1.296,2.592,0.648,1.62,2.592,2.592,2.916,1.62,0.648,0.972,1.296,1.296,4.5360003,2.916,5.508,1.62,5.184,1.944,0.648,1.296,0.648,4.5360003,3.24,2.2680001,0.972,5.508,0.324,1.944,0.972,1.296,3.888,1.296,2.2680001,1.62,4.5360003,0.324,1.944,3.24,0.648,3.24,0.972,1.296,1.944,1.296,4.212,5.184,0.648,1.62,1.944,2.916,4.86,3.24,0.972,1.296,4.86,1.296,2.2680001,1.62,4.86,4.212,0.648,5.508,3.5640001,1.944,1.296,4.5360003,1.296,0.648,1.62,2.592,0.648,3.888,4.5360003,1.62,0.648,7.1280003,4.86,1.944,0.648,1.296,1.62,4.86,1.944,0.648,3.5640001,2.592,4.86,5.832,1.296,1.944,0.648,3.24,3.5640001,0.648,1.944,2.592,0.972,1.296,1.296,0.648,6.48,4.86,4.86,3.5640001,4.86,0.648,7.776,0.648,1.296,1.62,5.184,2.592,0.648,4.212,3.24,2.592,2.2680001,0.648,2.592,0.972,0.972,1.296,2.2680001,0.648,6.156,3.24,2.592,0.972,2.592,1.296,2.916,1.296,1.62,4.212,0.972,1.62,5.832,2.916,4.5360003,0.972,1.296,1.62,1.296,
Curve - Decaying Duration 90% to 10%,1.296,3.24,3.5640001,4.212,1.296,2.916,12.312,2.592,0.648,1.296,7.452,3.888,1.62,5.184,2.916,3.888,1.62,0.648,3.5640001,3.24,3.24,1.296,6.156,3.5640001,2.2680001,1.62,2.2680001,1.296,1.944,1.944,3.888,3.888,2.2680001,8.1,1.62,1.62,0.972,2.592,0.972,1.944,2.2680001,1.944,3.5640001,6.48,0.972,4.5360003,0.972,1.62,3.24,1.944,0.972,0.972,1.62,0.972,8.1,1.944,1.944,8.748,2.2680001,3.24,1.944,2.916,2.2680001,4.212,7.1280003,1.62,3.888,10.692,3.5640001,1.944,8.1,1.296,0.972,4.5360003,2.592,6.156,3.5640001,3.24,1.296,0.972,1.944,3.24,3.5640001,3.24,3.24,3.888,4.212,2.916,6.48,3.24,4.212,3.24,2.916,1.296,1.296,2.592,0.648,1.296,3.5640001,1.62,0.648,0.324,2.916,2.2680001,3.888,1.62,2.592,1.944,2.2680001,2.2680001,3.888,4.212,1.296,5.184,1.296,3.5640001,1.62,11.664,2.2680001,2.592,3.5640001,8.1,2.2680001,1.62,2.592,0.648,3.24,4.212,5.508,0.972,5.508,1.62,1.62,4.212,1.62,2.592,5.184,3.24,0.972,2.916,2.592,2.592,3.5640001,1.296,4.5360003,3.5640001,1.944,1.296,1.296,1.296,0.972,2.592,4.212,2.2680001,1.944,3.24,6.156,6.156,1.296,1.944,1.944,7.1280003,1.944,9.0720005,2.592,1.62,0.972,3.24,1.296,7.776,3.24,1.62,3.888,3.888,2.916,4.5360003,3.5640001,12.312,4.5360003,6.156,2.592,7.776,2.2680001,0.972,1.944,1.944,2.592,1.944,2.2680001,2.592,1.944,1.296,1.62,3.24,6.48,4.86,2.916,3.888,0.972,0.972,0.972,2.2680001,5.508,3.24,2.2680001,3.24,1.944,0.324,2.592,4.5360003,1.62,0.972,3.24,1.944,8.1,3.888,1.62,5.832,7.776,
Curve - Decay Tau,NaN,NaN,NaN,NaN,NaN,NaN,NaN,NaN,NaN,NaN,NaN,NaN,NaN,NaN,NaN,NaN,NaN,NaN,NaN,NaN,NaN,NaN,NaN,NaN,NaN,NaN,NaN,NaN,NaN,NaN,NaN,NaN,NaN,NaN,NaN,NaN,NaN,NaN,NaN,NaN,NaN,NaN,NaN,NaN,NaN,NaN,NaN,NaN,NaN,NaN,NaN,NaN,NaN,NaN,NaN,NaN,NaN,NaN,NaN,NaN,NaN,NaN,NaN,NaN,NaN,NaN,NaN,NaN,NaN,NaN,NaN,NaN,NaN,NaN,NaN,NaN,NaN,NaN,NaN,NaN,NaN,NaN,NaN,NaN,NaN,NaN,NaN,NaN,NaN,NaN,NaN,NaN,NaN,NaN,NaN,NaN,NaN,NaN,NaN,NaN,NaN,NaN,NaN,NaN,NaN,NaN,NaN,NaN,NaN,NaN,NaN,NaN,NaN,NaN,NaN,NaN,NaN,NaN,NaN,NaN,NaN,NaN,NaN,NaN,NaN,NaN,NaN,NaN,NaN,NaN,NaN,NaN,NaN,NaN,NaN,NaN,NaN,NaN,NaN,NaN,NaN,NaN,NaN,NaN,NaN,NaN,NaN,NaN,NaN,NaN,NaN,NaN,NaN,NaN,NaN,NaN,NaN,NaN,NaN,NaN,NaN,NaN,NaN,NaN,NaN,NaN,NaN,NaN,NaN,NaN,NaN,NaN,NaN,NaN,NaN,NaN,NaN,NaN,NaN,NaN,NaN,NaN,NaN,NaN,NaN,NaN,NaN,NaN,NaN,NaN,NaN,NaN,NaN,NaN,NaN,NaN,NaN,NaN,NaN,NaN,NaN,NaN,NaN,NaN,NaN,NaN,NaN,NaN,NaN,NaN,NaN,NaN,NaN,NaN,NaN,NaN,NaN,NaN,NaN,
Propagation - Onset - Overall,0.12465644,11.724268,1.638817,25.432314,6.9790306,13.083964,3.892644,0.31000692,0.0,0.8433413,45.758945,1.8764071,1.8212528,1.8637938,5.9013405,6.4785705,0.21535772,0.0,47.228477,0.0,0.21149775,0.18698068,6.908374,21.575218,2.2198472,0.9331388,2.4135451,1.1337574,31.408611,0.006785743,7.216447,28.928474,21.407963,25.32801,0.20450677,6.0725307,0.0,6.068076,0.046594292,3.836625,0.0,14.672381,5.2418957,2.7553172,0.0,2.4034548,0.32928836,29.229624,0.61591125,1.746712,0.3448429,2.086654,0.2134721,0.0,11.074217,0.0,0.70988095,3.9609182,1.8742034,0.5834196,13.947472,12.194571,2.6583264,1.9565519,0.0,0.76316285,0.0,14.757417,17.845499,0.34577292,1.7195387,10.931547,0.0,0.100309744,0.0,2.4098825,1.3755624,8.083446,0.0,0.0,0.0,1.3250372,17.72933,10.862293,4.955671,0.17224953,6.202427,0.0,1.7772734,4.1472387,0.03144916,8.038221,3.995376,0.0,0.069487736,3.0374742,0.4710845,1.7847795,2.6627798,1.2908182,0.115931705,1.0112721,7.1916313,0.08465456,0.0,0.0,0.0,1.0937726,13.289876,21.19865,74.4936,6.100347,0.7154683,5.9447503,0.0,0.804551,5.7795496,1.043555,0.006280631,1.0501053,1.045124,3.0687852,0.24703363,9.282187,41.0332,0.0,5.9338555,13.969845,0.08360317,0.0,11.279519,0.43744338,12.357579,0.0,9.283804,0.7033952,0.67353535,0.0,1.1482761,3.3501074,24.42706,1.7103543,30.840101,0.5799543,9.714165,5.5199013,0.21571958,4.5321445,0.24786025,4.0067816,0.0,1.9918958,2.8251371,0.023320585,0.0,0.39875352,0.31901032,0.8016741,0.0,1.5489193,0.0,1.3635525,38.716675,1.062806,0.0,0.0,1.5782199,2.1767867,0.0,0.02035568,0.0,2.5859003,0.020928059,2.9838212,19.611078,0.87341356,12.133745,5.4508715,1.1220648,0.0,49.56639,2.301252,0.0,2.495559,0.2022931,10.912804,1.8117621,12.249157,0.0,0.7706039,4.0738325,1.3747973,0.09924334,0.0,0.0,3.0095057,0.0,9.769425,0.0,4.089406,0.37078094,2.4287481,13.794277,0.0,0.0,0.3369307,0.0,0.0,15.370725,0.0,0.14506733,0.61998963,1.4436474,5.8049555,0.46841064,2.5981746,0.0,1.3123535,0.5795841,
Propagation - Onset - One Direction - Anterior,0.056426883,2.2622974,0.21240744,3.4118707,3.7261078,0.5689827,1.3885779,0.07406571,0.0,0.31194,17.5216,0.944111,0.53237647,0.4579515,4.966486,3.9176655,0.042718828,0.0,0.69754136,0.0,0.13880791,0.005042307,2.6594193,6.7907553,0.507667,0.4334906,0.5756689,0.688673,11.906065,0.006785743,0.4028321,0.9635447,0.20075858,9.228845,0.0,3.3384798,0.0,3.5184047,0.0,0.7139539,0.0,3.440892,1.3242222,1.1797811,0.0,1.3004789,0.2240257,0.050145864,0.09407367,0.15234375,0.0,0.5650925,0.06911561,0.0,4.3741255,0.0,0.0,0.4470644,0.028707802,0.36353797,0.467025,1.7223581,0.3233537,0.0,0.0,0.17312977,0.0,3.8262048,7.3142977,0.1213474,0.5471698,4.2643776,0.0,0.002351895,0.0,0.375175,1.3117232,2.120106,0.0,0.0,0.0,0.15548716,2.4922233,2.2737756,2.2314973,0.0,0.5501439,0.0,0.3268425,0.19572334,0.03144916,4.4972,0.08633146,0.0,0.0,0.21049102,0.08586615,0.851674,2.0886793,0.7566691,0.0,0.65439194,0.021509737,0.043803148,0.0,0.0,0.0,0.009835981,7.5203013,9.045691,4.4991245,1.1201509,0.4436804,1.3159117,0.0,0.0,2.723114,0.13244654,0.0,0.9296825,0.19784917,0.5696177,0.24703363,5.11875,5.311037,0.0,1.8091019,7.33677,0.07945767,0.0,1.0301063,0.0,0.24843535,0.0,1.5892398,0.0,0.08478309,0.0,0.6744177,0.121469826,13.303925,0.7933695,10.203033,0.20801573,0.66883343,1.2176893,0.0,2.0146146,0.0,0.6123596,0.0,0.23269445,1.4563069,0.0,0.0,0.0,0.036431465,0.43498987,0.0,0.12073952,0.0,0.7247237,10.230899,0.33680382,0.0,0.0,0.0,0.6775195,0.0,0.02035568,0.0,1.9570726,0.0,0.95009196,0.18695676,0.17700891,3.8303146,0.4887796,0.39640006,0.0,11.084647,0.0,0.0,1.1701646,0.0,1.7883108,1.1688973,1.9651779,0.0,0.66691864,3.6612153E-4,0.13897915,0.0,0.0,0.0,1.54967,0.0,6.7789235,0.0,0.9977951,0.37078094,1.1315498,7.357891,0.0,0.0,0.09269112,0.0,0.0,6.840813,0.0,0.02960509,0.5156415,0.26701766,0.956514,0.006823227,0.7241764,0.0,0.43088728,0.24134286,
Propagation - Onset - One Direction - Posterior,0.021081626,2.409503,1.1290183,11.108727,0.1136418,8.67032,1.5469863,0.037784226,0.0,0.0,10.432042,0.011912316,0.0,0.66746926,0.12870257,0.28380308,0.0,0.0,12.592786,0.0,0.072689846,0.12314178,2.0475402,4.668194,0.5189517,0.21534416,0.026405886,0.037335485,8.077165,0.0,4.3871655,12.264902,8.511736,5.521702,0.113110825,0.10067083,0.0,0.0,0.0020491183,0.77475065,0.0,5.503558,0.9492522,0.07328436,0.0,0.69060576,0.0,12.027509,0.3413194,0.090886086,0.23407467,0.22242755,0.06723735,0.0,1.2994504,0.0,0.5882711,1.8868579,1.4170866,0.04082255,1.7589839,2.4954567,0.8827301,0.70559204,0.0,0.5900331,0.0,2.5352075,5.094637,0.0044157356,0.009999961,0.003963411,0.0,0.071703546,0.0,1.9627248,0.0,3.2124684,0.0,0.0,0.0,0.24432917,7.3619027,2.264659,2.1968935,0.11450441,4.3482924,0.0,0.28617075,1.1994355,0.0,0.1878002,1.9679476,0.0,0.036478296,0.7484046,0.08586615,0.0,0.21915318,0.16634694,0.025055304,0.14226805,6.3206964,0.0,0.0,0.0,0.0,0.1559732,0.5438871,1.3325931,20.81491,3.1236715,0.1507057,1.9530406,0.0,0.7681055,1.4726766,0.009678975,0.006280631,0.0,0.35977483,0.969774,0.0,1.4764838,20.385792,0.0,2.2953217,0.2741766,0.0,0.0,6.6502333,0.13192792,8.733965,0.0,2.0656545,0.25091916,0.33459073,0.0,0.0,0.89914834,1.4727101,0.64425224,13.892212,0.0,2.092324,1.9977943,0.13051535,0.45059758,0.2031436,1.1938776,0.0,0.97159946,1.1452718,0.023320585,0.0,0.2593784,0.01779094,0.123702005,0.0,1.045227,0.0,0.30503705,19.46548,0.0684963,0.0,0.0,0.68421316,0.9652799,0.0,0.0,0.0,0.16314627,0.020928059,1.7351784,10.976922,0.03079702,2.1098511,2.8907328,0.1786184,0.0,19.401968,1.7047117,0.0,1.1701646,0.13324645,2.0242174,0.0,0.7822206,0.0,0.0,0.5133388,0.07839437,0.06088601,0.0,0.0,1.0880648,0.0,0.27793252,0.0,0.0,0.0,0.0,2.4036422,0.0,0.0,0.20981562,0.0,0.0,0.61112773,0.0,0.08061076,0.0,0.24192575,1.573991,0.048082992,1.3325715,0.0,0.4087069,0.0,
Propagation - Onset - One Direction - Left,0.0,5.2814803,0.09041536,10.442793,1.7386527,0.3598161,0.59002906,0.1041176,0.0,0.5314013,4.2701902,0.5843303,0.0,0.2717203,0.3442319,2.277102,0.09826353,0.0,27.303545,0.0,0.0,0.0587966,1.8168566,6.6450553,0.11933596,0.23742884,1.5310476,0.19391249,11.05561,0.0,1.3015546,0.14766867,12.694481,1.4214745,0.0,0.0061531663,0.0,0.007523168,0.0,0.6715007,0.0,5.180892,0.49846584,0.0,0.0,0.19631562,0.10526265,16.669006,0.10046152,0.10467531,0.09787765,1.0628057,0.01279062,0.0,2.211887,0.0,0.06982422,0.35020986,0.0,0.0,7.7726407,7.77363,0.5246417,1.1737723,0.0,0.0,0.0,8.142318,4.9879313,0.14318664,0.96726197,6.6632056,0.0,0.026254304,0.0,0.037972227,0.06383924,0.0,0.0,0.0,0.0,0.270989,6.798645,6.149567,0.0,0.057745114,0.12862402,0.0,0.5501614,0.049639493,0.0,1.2155954,1.633318,0.0,0.0,0.4318977,0.04461491,0.93310547,0.30392304,0.28141272,0.0,0.13078278,0.0,0.0,0.0,0.0,0.0,0.22042415,4.992879,0.06893948,0.3689955,0.5099023,0.03143783,0.008078791,0.0,0.021461695,0.17638078,0.4451604,0.0,0.09603542,0.4875,0.011284679,0.0,0.036514133,3.7215714,0.0,0.4004463,6.2565546,0.0,0.0,1.757135,0.0,2.6421628,0.0,5.3053436,0.0,0.21793994,0.0,0.46360013,0.0,0.0,0.22077546,2.9798257,0.09033342,0.0076272413,0.0,0.0,1.7722346,0.008242045,0.0,0.0,0.5250705,0.080915526,0.0,0.0,0.0,0.2647879,0.24298227,0.0,0.28865138,0.0,0.22079173,4.610096,0.3051958,0.0,0.0,0.8793739,0.0606737,0.0,0.0,0.0,0.4656813,0.0,0.20106019,0.03157314,1.3908744E-4,0.015165374,0.47872353,0.0,0.0,11.201106,0.0,0.0,0.102806054,0.0,0.0,0.571538,7.926389,0.0,0.052191496,3.5601277,0.6003473,0.0033967942,0.0,0.0,0.15711786,0.0,2.162607,0.0,3.091611,0.0,1.2971983,1.4794725,0.0,0.0,0.0,0.0,0.0,7.5116997,0.0,0.012405321,0.0,0.82532895,0.053385362,0.41350442,0.035365112,0.0,0.41076395,0.33824128,
Propagation - Onset - One Direction - Right,0.04714793,1.7709868,0.20697586,0.4689238,1.4006283,3.4848454,0.3670506,0.09403938,0.0,0.0,13.5351095,0.33605346,1.2888764,0.4666527,0.46191984,0.0,0.07437536,0.0,6.6346073,0.0,0.0,0.0,0.38455778,3.4712152,1.0738926,0.04687518,0.28042275,0.21383628,0.36977035,0.0,1.1248949,15.552359,9.871721E-4,9.155991,0.091395944,2.6272268,0.0,2.542148,0.044545174,1.6764197,0.0,0.54703903,2.4699557,1.5022519,0.0,0.21605451,0.0,0.48296118,0.08005664,1.3988068,0.012890577,0.23632815,0.06432852,0.0,3.1887543,0.0,0.051785663,1.2767859,0.42840907,0.17905909,3.9488218,0.203125,0.92760086,0.07718752,0.0,0.0,0.0,0.25368658,0.4486341,0.076823145,0.19510694,0.0,0.0,0.0,0.0,0.034010753,0.0,2.750871,0.0,0.0,0.0,0.65423185,1.0765593,0.17429167,0.52728045,0.0,1.1753668,0.0,0.6140987,2.7024403,0.0,2.1376255,0.3077792,0.0,0.03300944,1.6466808,0.2547373,0.0,0.05102417,0.08638938,0.0908764,0.08382924,0.84942555,0.040851414,0.0,0.0,0.0,0.7075393,0.23280874,10.751428,48.81057,1.3466221,0.08964437,2.6677191,0.0,0.014983766,1.4073783,0.45626917,0.0,0.024387375,0.0,1.5181086,0.0,2.6504393,11.614799,0.0,1.4289857,0.10234356,0.004145503,0.0,1.8420436,0.30551544,0.7330156,0.0,0.3235662,0.45247602,0.036221623,0.0,0.010258377,2.3294892,9.650424,0.0519571,3.7650304,0.28160518,6.94538,2.3044176,0.08520423,0.2946976,0.036474615,2.200544,0.0,0.2625314,0.14264297,0.0,0.0,0.1393751,0.0,0.0,0.0,0.09430148,0.0,0.11300002,4.410199,0.35231003,0.0,0.0,0.014632851,0.47331348,0.0,0.0,0.0,0.0,0.0,0.09749061,8.415627,0.6654685,6.1784143,1.5926358,0.5470464,0.0,7.878668,0.5965402,0.0,0.05242376,0.06904665,7.100275,0.07132687,1.5753686,0.0,0.051493734,0.0,0.5570766,0.03496054,0.0,0.0,0.21465299,0.0,0.54996216,0.0,0.0,0.0,0.0,2.5532718,0.0,0.0,0.034423947,0.0,0.0,0.40708452,0.0,0.022446156,0.10434812,0.10937503,3.221065,0.0,0.5060615,0.0,0.061995417,0.0,
Propagation - Onset - One Direction - Ratio - Anterior,0.4526592,0.19295852,0.12961023,0.13415495,0.5339005,0.043487027,0.35671845,0.23891631,,0.36988586,0.38291094,0.50314826,0.29231334,0.2457093,0.84158605,0.6047114,0.19836219,,0.014769508,,0.6563091,0.026966995,0.3849559,0.31474793,0.22869457,0.46455106,0.2385159,0.6074254,0.37907007,1.0,0.05582139,0.03330783,0.009377752,0.36437306,0.0,0.54976743,,0.5798221,0.0,0.18608905,,0.23451489,0.25262278,0.4281834,,0.5410873,0.68033284,0.0017155836,0.152739,0.08721744,0.0,0.27081275,0.32376882,,0.3949828,,0.0,0.11286888,0.015317335,0.6231158,0.033484563,0.14123975,0.121638075,0.0,,0.22685823,,0.25927335,0.4098679,0.35094535,0.31820732,0.39009827,,0.023446325,,0.15568186,0.95359045,0.2622775,,,,0.117345504,0.14057064,0.2093274,0.45029166,0.0,0.08869816,,0.18390107,0.04719365,1.0,0.55947703,0.021607842,,0.0,0.069298044,0.18227336,0.47718725,0.7843981,0.5861934,0.0,0.6470978,0.00299094,0.517434,,,,0.00899271,0.56586695,0.4267107,0.060396124,0.18362086,0.6201259,0.22135693,,0.0,0.47116372,0.1269186,0.0,0.8853231,0.18930687,0.18561667,1.0,0.55145943,0.12943268,,0.304878,0.52518624,0.95041454,,0.09132537,0.0,0.020103885,,0.17118412,0.0,0.12587772,,0.5873306,0.036258485,0.5446388,0.46386263,0.33083656,0.35867605,0.06885136,0.22059983,0.0,0.44451684,0.0,0.1528308,,0.116820596,0.5154818,0.0,,0.0,0.11420152,0.5426019,,0.07795081,,0.53149676,0.26425046,0.31690055,,,0.0,0.31124756,,1.0,,0.7568245,0.0,0.3184145,0.009533222,0.20266335,0.31567454,0.089669995,0.35327733,,0.22363232,0.0,,0.4688988,0.0,0.16387272,0.6451715,0.16043372,,0.86544937,8.987152E-5,0.10109065,0.0,,,0.51492506,,0.6938917,,0.24399512,1.0,0.4658984,0.5334017,,,0.27510443,,,0.44505468,,0.20407827,0.83169377,0.18496044,0.16477543,0.014566763,0.2787251,,0.3283317,0.41640696,
Propagation - Onset - One Direction - Ratio - Posterior,0.16911782,0.20551415,0.68892276,0.43679577,0.016283322,0.66266763,0.39741275,0.12188188,,0.0,0.2279782,0.0063484707,0.0,0.358124,0.02180904,0.043806434,0.0,,0.26663545,,0.34369087,0.65858024,0.29638526,0.21636832,0.23377812,0.23077399,0.010940705,0.032930754,0.25716403,0.0,0.60793984,0.42397335,0.39759672,0.21800771,0.5530909,0.016578069,,0.0,0.043977883,0.20193546,,0.37509644,0.18108949,0.02659743,,0.28733876,0.0,0.41148353,0.5541698,0.05203267,0.6787864,0.10659532,0.3149702,,0.11734016,,0.82868975,0.4763688,0.7561007,0.06997117,0.12611489,0.20463671,0.33206236,0.36063036,,0.7731418,,0.17179209,0.28548583,0.012770623,0.00581549,3.6256632E-4,,0.71482134,,0.8144483,0.0,0.39741325,,,,0.1843942,0.41523862,0.2084881,0.443309,0.6647589,0.70106304,,0.16101673,0.28921303,0.0,0.023363402,0.49255627,,0.5249602,0.24639045,0.18227336,0.0,0.08230241,0.12886937,0.21612124,0.14068227,0.87889606,0.0,,,,0.14260112,0.040924918,0.062862165,0.2794188,0.5120482,0.21063924,0.32853198,,0.9547008,0.2548082,0.0092750015,1.0,0.0,0.34424126,0.31601235,0.0,0.15906636,0.49681213,,0.38681793,0.019626318,0.0,,0.5895848,0.30158857,0.7067699,,0.22250088,0.35672572,0.49676788,,0.0,0.26839387,0.060290113,0.37667763,0.45045936,0.0,0.21538898,0.36192572,0.6050232,0.0994226,0.81958926,0.29796422,,0.48777625,0.40538627,1.0,,0.650473,0.055769168,0.1543046,,0.6748105,,0.2237076,0.5027674,0.06444854,,,0.43353474,0.44344258,,0.0,,0.063090704,1.0,0.58152896,0.55973065,0.035260525,0.17388293,0.5303249,0.15918724,,0.39143395,0.74077576,,0.4688988,0.65868014,0.18549013,0.0,0.063859135,,0.0,0.12600881,0.05702249,0.6135022,,,0.36154267,,0.028449219,,0.0,0.0,0.0,0.17424923,,,0.6227264,,,0.0397592,,0.55567825,0.0,0.16757953,0.2711461,0.102651365,0.5128876,,0.3114305,0.0,
Propagation - Onset - One Direction - Ratio - Left,0.0,0.4504742,0.055171113,0.4106112,0.24912524,0.027500542,0.1515754,0.33585575,,0.63011414,0.093319245,0.31140915,0.0,0.14578882,0.05833114,0.35148218,0.45628053,,0.5781161,,0.0,0.3144528,0.2629934,0.3079948,0.053758636,0.25444108,0.6343563,0.17103526,0.35199293,0.0,0.18035947,0.0051046135,0.5929794,0.056122627,0.0,0.0010132787,,0.0012397945,0.0,0.1750238,,0.35310504,0.09509267,0.0,,0.081680596,0.3196671,0.5702778,0.16311039,0.059927057,0.28383258,0.50933486,0.05991706,,0.19973303,,0.098360464,0.08841633,0.0,0.0,0.5572795,0.6374665,0.1973579,0.59991884,,0.0,,0.5517441,0.27950642,0.414106,0.56251246,0.6095391,,0.26173234,,0.015756879,0.046409555,0.0,,,,0.20451425,0.3834688,0.5661389,0.0,0.33524105,0.020737693,,0.30955362,0.011969288,0.0,0.15122691,0.40880206,,0.0,0.14218976,0.09470681,0.5228127,0.1141375,0.21801111,0.0,0.12932502,0.0,0.0,,,,0.20152648,0.3756904,0.0032520692,0.0049533853,0.083585784,0.043940213,0.001358979,,0.02667537,0.030518085,0.42658067,0.0,0.09145313,0.46645182,0.0036772464,0.0,0.0039337855,0.090696596,,0.06748501,0.44786143,0.0,,0.15578103,0.0,0.21380909,,0.5714623,0.0,0.3235761,,0.40373576,0.0,0.0,0.12908171,0.09662179,0.15575954,7.85167E-4,0.0,0.0,0.39103663,0.033252787,0.0,,0.2636034,0.028641274,0.0,,0.0,0.8300293,0.30309355,,0.18635662,,0.1619239,0.11907262,0.2871604,,,0.5571935,0.027873058,,0.0,,0.1800848,0.0,0.06738346,0.0016099644,1.592458E-4,0.001249851,0.087825134,0.0,,0.22598188,0.0,,0.0411956,0.0,0.0,0.31545973,0.6470967,,0.06772804,0.87390137,0.43668056,0.034226924,,,0.052207198,,0.22136481,,0.75600487,0.0,0.5341016,0.10725263,,,0.0,,,0.48870173,,0.085514225,0.0,0.57169706,0.009196515,0.88278186,0.0136115225,,0.31299794,0.5835931,
Propagation - Onset - One Direction - Ratio - Right,0.37822297,0.15105309,0.1262959,0.01843811,0.20069095,0.26634476,0.094293386,0.30334607,,0.0,0.29579157,0.1790941,0.7076867,0.25037783,0.07827371,0.0,0.3453573,,0.14047895,,0.0,0.0,0.055665456,0.160889,0.4837687,0.05023388,0.11618707,0.18860851,0.011772897,0.0,0.15587932,0.5376142,4.6112382E-5,0.36149663,0.44690913,0.43264118,,0.41893807,0.95602214,0.43695167,,0.03728359,0.47119513,0.5452192,,0.08989331,0.0,0.016523004,0.1299808,0.8008228,0.037381012,0.11325699,0.30134392,,0.287944,,0.07294978,0.32234594,0.22858195,0.30691305,0.283121,0.016657002,0.34894168,0.03945079,,0.0,,0.017190445,0.025139902,0.22217803,0.1134647,0.0,,0.0,,0.014113033,0.0,0.3403092,,,,0.493746,0.060721938,0.016045569,0.10639941,0.0,0.1895011,,0.34552857,0.65162396,0.0,0.26593265,0.07703385,,0.4750398,0.54212177,0.54074645,0.0,0.019161994,0.06692606,0.78387874,0.08289484,0.118113056,0.482566,,,,0.6468797,0.017517751,0.5071751,0.6552317,0.22074516,0.12529469,0.44875208,,0.018623762,0.24351004,0.4372258,0.0,0.023223741,0.0,0.49469367,0.0,0.28554037,0.28305855,,0.2408191,0.007326034,0.049585477,,0.16330871,0.6984114,0.059317086,,0.03485276,0.64327425,0.053778354,,0.008933719,0.6953476,0.39507106,0.030377975,0.12208229,0.4855644,0.7149745,0.41747442,0.3949768,0.06502388,0.14715798,0.5492049,,0.13179977,0.050490636,0.0,,0.34952694,0.0,0.0,,0.06088211,,0.08287178,0.11390956,0.33149043,,,0.009271744,0.21743678,,0.0,,0.0,0.0,0.032673072,0.42912614,0.7619169,0.5091927,0.29218003,0.48753548,,0.15895182,0.2592242,,0.02100682,0.34131983,0.6506371,0.039368782,0.12861037,,0.06682257,0.0,0.40520632,0.35227087,,,0.071325,,0.056294218,,0.0,0.0,0.0,0.18509646,,,0.10216922,,,0.026484407,,0.15472922,0.16830623,0.07576298,0.55488193,0.0,0.19477579,,0.047239877,0.0,
Propagation - Offset - Overall,0.9376386,6.4162483,1.5028929,17.163147,2.2595997,7.572224,5.1905417,0.116275355,0.0,0.31194,11.264371,2.134081,0.53237647,2.8056912,5.4003644,4.4115,0.042718828,0.0,4.134246,0.0,0.4704747,0.2941621,5.571004,6.0562115,1.1367314,1.3377523,0.60666347,1.0032251,8.395891,0.03707639,1.8432539,7.540641,4.4661474,16.77211,0.113110825,1.700123,0.0,1.9585236,0.0020491183,2.5650551,0.0,4.6653686,3.0985792,2.1816432,0.0,0.8496325,0.25065377,4.869012,1.1796055,0.939218,0.23407467,1.6680274,0.20733249,0.0,6.847733,0.0,0.8043843,2.7982812,1.8893685,0.80312693,2.4399602,6.159941,1.5418599,0.70559204,0.0,1.866837,0.0,12.016415,4.9297996,0.33204764,0.6834763,0.5793955,0.0,0.07405544,0.0,1.9369192,1.8101912,2.9544528,0.0,0.0,0.0,1.2411344,8.845588,3.4371853,3.743,0.19041467,4.034928,0.0,1.0845041,2.6419492,0.05645507,2.8841758,1.1654112,0.0,0.070517235,1.2059639,0.4710845,0.851674,1.0275803,1.3805165,0.025055304,1.3262358,1.545567,0.043803148,0.0,0.0,0.0,0.33545208,3.8235915,7.940629,10.755581,3.9101796,1.15807,4.7767754,0.0,0.8109875,3.308935,0.65303516,0.0071748197,1.0064495,0.6147591,4.0252304,0.30756503,4.495239,9.171713,0.0,5.1458335,5.521393,0.31511867,0.0,0.8821006,0.13192792,9.022879,0.0,3.6983743,0.86009175,0.6057662,0.0,0.7896241,1.4594803,6.70028,1.407123,4.4319377,0.21391803,1.857188,2.9513083,0.13051535,3.6059737,0.2031436,2.9297724,0.0,2.412469,2.7677348,0.02376027,0.0,0.2593784,0.42852938,0.91273826,0.0,1.2875001,0.0,1.6195629,16.215118,0.42776042,0.0,0.0,1.0095077,2.2176754,0.0,0.024035491,0.0,0.70467854,0.1744002,2.4641867,7.187987,0.20780593,1.8872044,3.6989186,0.8915912,0.0,7.092098,1.7047117,0.0,2.495559,0.13324645,2.578104,1.1688973,1.5585465,0.0,0.99687034,0.3753598,0.56205404,0.06088601,0.0,0.0,3.713253,0.0,5.0304575,0.0,0.46899295,0.7048582,1.1315498,4.214753,0.0,0.0,0.5197362,0.0,0.0,17.139729,0.0,0.25178778,1.2013793,0.56028277,4.4710474,0.72231686,3.0932038,0.0,1.167604,0.24134286,
Propagation - Offset - One Direction - Anterior,0.021081626,1.1534951,1.1290183,2.2641406,0.1136418,4.6928363,1.5469863,0.037784226,0.0,0.0,4.2780266,0.011912316,0.0,0.66746926,0.12624083,0.28380308,0.0,0.0,2.304966,0.0,0.072689846,0.12314178,0.90373707,2.1891282,0.5189517,0.21534416,0.026405886,0.037335485,2.1402123,0.0,1.4269705,4.9607472,1.124876,5.521702,0.113110825,0.0,0.0,0.0,0.0020491183,0.51659954,0.0,2.204531,0.84587204,0.07328436,0.0,0.69060576,0.0,4.7141094,0.3413194,0.090886086,0.23407467,0.22242755,0.06723735,0.0,1.2994504,0.0,0.5882711,1.8817221,1.4170866,0.04082255,1.1066134,2.4954567,0.14486983,0.70559204,0.0,0.5900331,0.0,2.5352075,2.0961978,0.0044157356,0.009999961,0.003963411,0.0,0.071703546,0.0,1.2035432,0.0,1.4076903,0.0,0.0,0.0,0.24432917,3.3040845,1.6569237,2.1968935,0.11450441,1.8497424,0.0,0.28617075,0.86230993,0.0,0.1878002,1.0013864,0.0,0.036478296,0.7484046,0.08586615,0.0,0.21915318,0.16634694,0.025055304,0.14226805,0.5345386,0.0,0.0,0.0,0.0,0.1559732,0.5210599,1.322492,6.3062963,1.9700459,0.1507057,1.9327893,0.0,0.7681055,0.810687,0.009678975,0.006280631,0.0,0.35977483,0.969774,0.0,1.4764838,5.6901903,0.0,2.2953217,0.2741766,0.0,0.0,0.05527021,0.13192792,8.733965,0.0,1.6654735,0.25091916,0.33459073,0.0,0.0,0.89914834,1.4727101,0.64425224,3.3866687,0.0,1.4009702,1.086397,0.13051535,0.01938197,0.2031436,1.1938776,0.0,0.97159946,1.1452718,0.023320585,0.0,0.2593784,0.01779094,0.123702005,0.0,1.045227,0.0,0.30503705,7.6486254,0.0684963,0.0,0.0,0.68421316,0.9652799,0.0,0.0,0.0,0.16314627,0.020928059,1.1567856,6.8320975,0.03079702,0.3457454,2.8907328,0.1786184,0.0,3.6710908,1.7047117,0.0,1.1701646,0.13324645,1.2244663,0.0,0.08212571,0.0,0.0,0.35649002,0.07839437,0.06088601,0.0,0.0,1.0880648,0.0,0.27793252,0.0,0.0,0.0,0.0,2.0189176,0.0,0.0,0.024433382,0.0,0.0,0.60740256,0.0,0.08061076,0.0,0.24192575,1.4401588,0.048082992,1.3325715,0.0,0.4087069,0.0,
Propagation - Offset - One Direction - Posterior,0.056426883,1.985709,0.21240744,1.1184889,1.1172367,0.5689827,1.3885779,0.07406571,0.0,0.31194,2.2023096,0.944111,0.53237647,0.4579515,1.7441847,3.5797124,0.042718828,0.0,0.69754136,0.0,0.13880791,0.005042307,2.1060169,1.230672,0.507667,0.4334906,0.5756689,0.6691485,3.5894763,0.006785743,0.062699184,0.29265857,0.20075858,5.8782988,0.0,1.700123,0.0,1.918928,0.0,0.7139539,0.0,0.8784503,0.3615552,1.1797811,0.0,0.054300085,0.2240257,0.050145864,0.09407367,0.15234375,0.0,0.5650925,0.06911561,0.0,2.7722926,0.0,0.0,0.4470644,0.028707802,0.36353797,0.467025,1.7223581,0.3233537,0.0,0.0,0.17312977,0.0,3.8262048,1.7832199,0.1213474,0.5471698,0.20600767,0.0,0.002351895,0.0,0.0,1.3117232,0.59287745,0.0,0.0,0.0,0.15548716,1.1233935,1.6750913,0.0,0.0,0.5501439,0.0,0.3268425,0.19377321,0.03144916,1.3639188,0.00789699,0.0,0.0,0.21049102,0.08586615,0.851674,0.35505635,0.7566691,0.0,0.65439194,0.008010894,0.043803148,0.0,0.0,0.0,0.009835981,2.0467353,5.859221,1.7518958,1.030932,0.4436804,1.3159117,0.0,0.0,1.56213,0.13244654,0.0,0.9296825,0.19784917,0.5696177,0.24703363,2.183161,2.4198909,0.0,1.8091019,4.988579,0.07945767,0.0,0.36629394,0.0,0.24843535,0.0,1.2447605,0.0,0.08478309,0.0,0.6744177,0.121469826,4.7522182,0.47253543,0.1531992,0.20801573,0.36743772,0.9272514,0.0,2.0146146,0.0,0.6123596,0.0,0.23269445,1.4563069,0.0,0.0,0.0,0.036431465,0.40281564,0.0,0.12073952,0.0,0.7247237,6.377511,0.33680382,0.0,0.0,0.0,0.6775195,0.0,0.02035568,0.0,0.3590635,0.0,0.95009196,0.18695676,0.17700891,1.3541746,0.4887796,0.39640006,0.0,1.8785219,0.0,0.0,1.1701646,0.0,1.1999593,1.1688973,0.17858362,0.0,0.66691864,3.6612153E-4,0.13897915,0.0,0.0,0.0,1.54967,0.0,3.3511026,0.0,0.46899295,0.37078094,1.1315498,0.5334108,0.0,0.0,0.0,0.0,0.0,4.0509653,0.0,0.02960509,0.5156415,0.26701766,0.6328244,0.006823227,0.7241764,0.0,0.43088728,0.24134286,
Propagation - Offset - One Direction - Left,0.13243313,3.1559505,0.016927116,5.6907,0.44733948,0.36612678,1.222425,0.0,0.0,0.0,1.0291579,0.32102582,0.0,0.6017093,3.4249108,0.37770453,0.0,0.0,0.93829006,0.0,0.04543549,0.15179883,1.6446408,2.0017562,0.0022403635,0.5934435,0.004588723,0.18122648,2.6662023,0.030290648,0.3125528,0.03482145,2.9758146,0.6862805,0.0,0.0,0.0,0.03959556,0.0,0.3777239,0.0,1.5254467,0.5926933,0.5909091,0.0,0.0,0.0,0.0,0.48597586,0.66505086,0.0,0.7000916,0.070979536,0.0,1.8876939,0.0,0.20882158,0.35152036,0.40011165,0.12836371,0.17733765,1.671293,0.526994,0.0,0.0,0.94173217,0.0,5.6550026,0.80475104,0.0,0.0,0.23167744,0.0,0.0,0.0,0.5077875,0.0,0.28838947,0.0,0.0,0.0,0.18708625,3.9712381,0.0088285655,0.9305767,0.0050868616,0.13837612,0.0,0.47149083,0.5700809,0.025005907,0.4107806,0.06596851,0.0,0.03403894,0.06965811,0.04461491,0.0,0.0012497529,0.09386833,0.0,0.0,0.972743,0.0,0.0,0.0,0.0,0.1696429,0.8326859,0.0,0.33354533,0.2679316,0.17669103,0.0643939,0.0,0.042881936,0.36693552,0.5109096,8.941889E-4,0.0,0.004513949,0.43573585,0.046442322,0.0132998,1.0494922,0.0,0.20022315,0.22235548,0.06423612,0.0,0.025947459,0.0,0.0,0.0,0.46457413,0.0,0.18639237,0.0,0.064322904,0.18350495,0.359375,0.14710367,0.8030961,0.0059023052,0.088780016,0.0,0.0,0.8102583,0.0,0.0,0.0,1.0472059,0.05305837,4.3968484E-4,0.0,0.0,0.37430698,0.050902903,0.0,0.04062496,0.0,0.55933344,1.342355,0.022460297,0.0,0.0,0.0,0.0,0.0,0.003679812,0.0,0.10504337,0.15347214,0.3360712,0.027058996,0.0,0.1171262,0.08093707,0.0,0.0,0.46024615,0.0,0.0,0.102806054,0.0,0.06964286,0.0,0.43839702,0.0,0.24340892,0.0,0.34468055,0.0,0.0,0.0,0.7597928,0.0,1.0561099,0.0,0.0,0.0,0.0,0.26629278,0.0,0.0,0.1580936,0.0,0.0,4.3688617,0.0,0.14157194,0.68573785,0.0,0.0,0.6674107,0.20499891,0.0,0.11072309,0.0,
Propagation - Offset - One Direction - Right,0.72769696,0.12109363,0.14453994,8.089817,0.5813816,1.9442781,1.0325522,0.0044254214,0.0,0.0,3.7548773,0.8570316,0.0,1.0785611,0.10502806,0.17028022,0.0,0.0,0.19344854,0.0,0.21354145,0.01417917,0.91660947,0.63465524,0.10787219,0.095474035,0.0,0.115514636,0.0,0.0,0.041031376,2.2524137,0.16469812,4.68583,0.0,0.0,0.0,0.0,0.0,0.9567778,0.0,0.056940615,1.2984586,0.33766866,0.0,0.10472664,0.026628077,0.104756474,0.25823656,0.03093727,0.0,0.18041578,0.0,0.0,0.88829607,0.0,0.00729163,0.11797443,0.0434625,0.27040264,0.68898416,0.27083346,0.5466423,0.0,0.0,0.16194195,0.0,0.0,0.24563074,0.2062845,0.1263065,0.13774693,0.0,0.0,0.0,0.22558859,0.49846786,0.6654957,0.0,0.0,0.0,0.65423185,0.44687206,0.09634149,0.61553013,0.0708234,1.4966655,0.0,0.0,1.015785,0.0,0.9216763,0.09015927,0.0,0.0,0.1774101,0.2547373,0.0,0.45212096,0.36363208,0.0,0.5295758,0.03027457,0.0,0.0,0.0,0.0,0.0,0.4231102,0.75891566,2.363843,0.6412698,0.38699278,1.4636803,0.0,0.0,0.5691824,0.0,0.0,0.07676697,0.052621156,2.0501027,0.014089093,0.8222941,0.0121405125,0.0,0.8411869,0.036282063,0.17142488,0.0,0.43458897,0.0,0.04047832,0.0,0.3235662,0.6091726,0.0,0.0,0.05088353,0.25535718,0.11597684,0.14323159,0.08897334,0.0,0.0,0.93765974,0.0,0.76171875,0.0,1.1235352,0.0,0.16096891,0.113097556,0.0,0.0,0.0,0.0,0.33531773,0.0,0.0809086,0.0,0.030468673,0.8466272,0.0,0.0,0.0,0.32529452,0.574876,0.0,0.0,0.0,0.077425405,0.0,0.021237954,0.14187345,0.0,0.07015818,0.2384691,0.3165727,0.0,1.0822389,0.0,0.0,0.05242376,0.0,0.084035546,0.0,0.85944027,0.0,0.0865428,0.018503666,0.0,0.0,0.0,0.0,0.3157254,0.0,0.34531265,0.0,0.0,0.33407724,0.0,1.3961322,0.0,0.0,0.33720917,0.0,0.0,8.1125,0.0,0.0,0.0,0.051339343,2.3980644,0.0,0.83145696,0.0,0.21728674,0.0,
Propagation - Offset - One Direction - Ratio - Anterior,0.022483744,0.17977719,0.75123006,0.13191873,0.05029289,0.61974347,0.29803947,0.32495472,,0.0,0.3797839,0.0055819424,0.0,0.23789833,0.023376355,0.06433256,0.0,,0.55753,,0.1545032,0.4186188,0.16222158,0.36146826,0.45652977,0.1609746,0.043526415,0.037215464,0.25491187,0.0,0.7741584,0.65786815,0.2518672,0.32921928,1.0,0.0,,0.0,1.0,0.201399,,0.47253093,0.27298707,0.033591356,,0.8128288,0.0,0.9681861,0.28935048,0.09676783,1.0,0.13334766,0.3242972,,0.18976359,,0.7313309,0.6724564,0.7500319,0.05082951,0.45353746,0.40511048,0.09395785,1.0,,0.31606033,,0.2109787,0.42520955,0.0132985,0.014631027,0.006840597,,0.96824145,,0.62136984,0.0,0.47646397,,,,0.19685955,0.3735291,0.4820583,0.58693385,0.6013424,0.45843259,,0.26387244,0.32639158,0.0,0.06511399,0.85925585,,0.5172962,0.6205863,0.18227336,0.0,0.21327111,0.12049616,1.0,0.107272066,0.34585276,0.0,,,,0.46496415,0.13627498,0.1665475,0.58632785,0.5038249,0.13013522,0.4046222,,0.94712377,0.24499938,0.014821522,0.8753712,0.0,0.585229,0.24092385,0.0,0.32845503,0.6204065,,0.4460544,0.049657144,0.0,,0.06265749,1.0,0.96797985,,0.45032582,0.29173535,0.5523431,,0.0,0.6160743,0.2197983,0.4578507,0.7641508,0.0,0.75435024,0.36810693,1.0,0.0053749615,1.0,0.40749842,,0.40274072,0.4137939,0.98149496,,1.0,0.041516267,0.13552845,,0.81182677,,0.1883453,0.47169715,0.16012771,,,0.6777692,0.43526652,,0.0,,0.23151872,0.120000206,0.46943912,0.9504883,0.14820087,0.18320507,0.78150755,0.20033666,,0.5176311,1.0,,0.4688988,1.0,0.47494838,0.0,0.05269378,,0.0,0.9497288,0.13947834,1.0,,,0.29302198,,0.055249948,,0.0,0.0,0.0,0.47901204,,,0.047011126,,,0.035438284,,0.3201536,0.0,0.43179223,0.3221077,0.06656773,0.43080625,,0.35003898,0.0,
Propagation - Offset - One Direction - Ratio - Posterior,0.060179777,0.30948132,0.14133239,0.06516805,0.4944401,0.07514077,0.26752082,0.6369854,,1.0,0.1955111,0.442397,1.0,0.16322234,0.32297537,0.8114502,1.0,,0.16872275,,0.29503798,0.017141253,0.37803185,0.20320822,0.44660243,0.324044,0.94890976,0.6669974,0.42752773,0.18302059,0.03401549,0.038810834,0.044951174,0.3504806,0.0,1.0,,0.97978294,0.0,0.2783386,,0.18829171,0.11668418,0.5407764,,0.06391008,0.8937655,0.010298981,0.07975011,0.16220276,0.0,0.3387789,0.33335638,,0.40484825,,0.0,0.15976393,0.01519439,0.4526532,0.19140682,0.27960625,0.20971666,0.0,,0.09273963,,0.31841484,0.36172262,0.36545175,0.80056876,0.35555625,,0.03175857,,0.0,0.72463244,0.2006725,,,,0.12527826,0.12700044,0.4873439,0.0,0.0,0.13634542,,0.30137506,0.07334479,0.5570653,0.47289723,0.00677614,,0.0,0.17454173,0.18227336,1.0,0.34552664,0.5481058,0.0,0.4934205,0.0051831426,1.0,,,,0.029321568,0.5352913,0.7378787,0.16288249,0.26365334,0.38312057,0.27548116,,0.0,0.4720945,0.20281686,0.0,0.92372495,0.32183203,0.14151183,0.80319154,0.48566073,0.26384285,,0.35156634,0.9035001,0.25215158,,0.41525188,0.0,0.027533934,,0.33656964,0.0,0.1399601,,0.8540997,0.08322813,0.70925665,0.33581674,0.03456709,0.9724086,0.19784628,0.31418318,0.0,0.5586881,0.0,0.20901269,,0.0964549,0.5261729,0.0,,0.0,0.085015096,0.44132656,,0.09377826,,0.44748107,0.39330646,0.78736556,,,0.0,0.30550885,,0.8469009,,0.5095423,0.0,0.38556007,0.026009614,0.85179913,0.7175559,0.13214122,0.44459847,,0.26487535,0.0,,0.4688988,0.0,0.46544254,1.0,0.11458344,,0.6690124,9.753882E-4,0.24727009,0.0,,,0.41733488,,0.6661626,,1.0,0.52603626,1.0,0.12655802,,,0.0,,,0.23634945,,0.117579535,0.42920792,0.47657663,0.14153829,0.009446307,0.23411855,,0.36903548,1.0,
Propagation - Offset - One Direction - Ratio - Left,0.14124113,0.49186853,0.011263022,0.33156508,0.1979729,0.048351288,0.2355101,0.0,,0.0,0.09136399,0.15042815,0.0,0.21446027,0.6341999,0.08561817,0.0,,0.22695555,,0.09657371,0.51603806,0.29521444,0.33052945,0.001970882,0.4436124,0.0075638695,0.18064389,0.31756037,0.8169794,0.1695658,0.0046178373,0.6663046,0.04091796,0.0,0.0,,0.020217044,0.0,0.14725761,,0.32697237,0.19127907,0.27085507,,0.0,0.0,0.0,0.4119817,0.70809,0.0,0.41971228,0.34234643,,0.27566698,,0.25960425,0.1256201,0.21177004,0.15982991,0.07268055,0.27131638,0.3417911,0.0,,0.50445336,,0.47060648,0.16324215,0.0,0.0,0.39986065,,0.0,,0.26216248,0.0,0.09761181,,,,0.1507381,0.4489513,0.002568545,0.24861787,0.026714653,0.03429457,,0.43475246,0.2157804,0.44293466,0.14242566,0.056605354,,0.48270383,0.057761356,0.09470681,0.0,0.0012162096,0.06799508,0.0,0.0,0.6293761,0.0,,,,0.50571424,0.21777585,0.0,0.031011373,0.06852156,0.1525737,0.013480621,,0.0528762,0.11089233,0.78236157,0.12462876,0.0,0.007342631,0.108251154,0.15100001,0.0029586416,0.11442707,,0.03890976,0.04027163,0.2038474,,0.029415533,0.0,0.0,,0.12561578,0.0,0.30769688,,0.081460156,0.12573308,0.053635817,0.10454215,0.18120654,0.027591433,0.04780346,0.0,0.0,0.2246989,0.0,0.0,,0.4340806,0.019170323,0.018505044,,0.0,0.87346864,0.05576944,,0.031553365,,0.34536076,0.08278416,0.05250672,,,0.0,0.0,,0.15309909,,0.14906566,0.8799998,0.13638219,0.003764475,0.0,0.062063333,0.02188128,0.0,,0.06489562,0.0,,0.0411956,0.0,0.027013207,0.0,0.2812858,,0.2441731,0.0,0.6132516,0.0,,,0.20461649,,0.20994312,,0.0,0.0,0.0,0.06318111,,,0.30418047,,,0.2548968,,0.5622669,0.57079214,0.0,0.0,0.923986,0.06627397,,0.09482932,0.0,
Propagation - Offset - One Direction - Ratio - Right,0.7760954,0.018872965,0.09617448,0.4713481,0.2572941,0.25676447,0.19892958,0.038059838,,0.0,0.33334106,0.40159282,0.0,0.38441902,0.019448329,0.038599167,0.0,,0.046791736,,0.45388508,0.048201893,0.16453218,0.1047941,0.094896816,0.07136899,0.0,0.11514329,0.0,0.0,0.022260295,0.29870322,0.036877003,0.27938226,0.0,0.0,,0.0,0.0,0.37300476,,0.012204955,0.41904968,0.15477721,,0.12326111,0.1062345,0.021514935,0.21891773,0.032939393,0.0,0.10816116,0.0,,0.1297212,,0.009064859,0.042159606,0.023003718,0.3366873,0.28237516,0.04396689,0.35453436,0.0,,0.0867467,,0.0,0.049825706,0.6212497,0.18480012,0.2377425,,0.0,,0.11646774,0.27536753,0.22525176,,,,0.5271241,0.050519206,0.028029181,0.16444834,0.371943,0.37092745,,0.0,0.38448316,0.0,0.31956315,0.07736262,,0.0,0.14711063,0.54074645,0.0,0.43998602,0.2634029,0.0,0.39930746,0.019588001,0.0,,,,0.0,0.11065779,0.095573746,0.21977827,0.1640001,0.33417046,0.30641598,,0.0,0.17201377,0.0,0.0,0.076275036,0.08559638,0.5093131,0.045808498,0.18292557,0.0013236909,,0.16346951,0.0065711793,0.54400104,,0.49267507,0.0,0.004486187,,0.08748876,0.70826465,0.0,,0.0644402,0.17496446,0.017309252,0.10179038,0.020075494,0.0,0.0,0.31770986,0.0,0.21123803,0.0,0.3834889,,0.06672373,0.04086286,0.0,,0.0,0.0,0.36737555,,0.062841624,,0.018812899,0.052212212,0.0,,,0.32223088,0.2592246,,0.0,,0.10987337,0.0,0.008618647,0.019737577,0.0,0.03717572,0.06446995,0.35506484,,0.15259784,0.0,,0.02100682,0.0,0.03259587,0.0,0.551437,,0.0868145,0.049295813,0.0,0.0,,,0.08502663,,0.06864438,,0.0,0.47396377,0.0,0.33124888,,,0.64880836,,,0.47331557,,0.0,0.0,0.09163113,0.53635406,0.0,0.2688012,,0.18609627,0.0,
Region - Event Centroid Distance To Border,8.096549,14.350233,8.888365,11.842475,12.401696,14.962477,4.286198,1.0547488,8.508247,10.822119,10.155668,13.542615,4.3202486,3.0896654,2.560791,9.638081,6.489901,8.709587,11.472062,10.458981,4.445693,9.352712,6.1720295,21.908455,10.539813,8.000376,14.268335,12.269057,6.485368,4.1841784,21.601717,6.4826345,11.722672,10.090813,14.317372,6.7208724,16.18161,8.8044815,10.317823,14.320303,12.495958,17.968151,3.9960008,2.8435256,7.4856052,6.3646693,10.617233,7.39798,11.948986,13.8008585,6.3835373,1.462167,14.860483,11.780496,12.860667,4.747797,6.8382087,5.088518,17.18228,7.1740446,11.039187,2.7444685,1.212434,10.862577,17.604223,12.771416,21.893534,6.932495,13.83159,5.0888143,6.7404222,11.364765,6.490453,9.058176,7.8120866,12.3307705,8.364149,1.6587192,14.644385,10.560696,9.168807,1.8944193,12.7110405,17.050022,9.90411,0.8063435,13.993631,19.136013,4.2593517,14.246301,13.552303,11.254698,22.340826,0.9024658,12.001868,14.376489,8.791812,2.8189943,3.1789196,6.7743006,11.325432,14.816446,11.167935,9.373135,18.47033,5.0537868,0.9524299,1.0321841,18.120468,17.299074,9.025498,11.887428,14.575764,8.879393,6.716554,0.8553982,3.841239,0.5269548,1.7906748,6.7965283,4.5521183,1.3650081,14.983023,1.3934263,4.280148,1.0404006,14.523159,12.423053,11.62752,17.348885,13.667944,19.687904,10.105638,11.009097,7.566333,9.0735655,2.4469583,1.7637889,9.307574,1.272918,18.341599,4.8526607,16.467798,5.777329,1.7725189,5.33302,17.428606,10.843517,0.869265,12.881445,7.896752,14.133399,0.6337512,13.665024,16.384926,7.73376,1.5807023,23.14887,6.6641517,6.9222856,5.247488,13.803566,22.407713,18.737385,5.626142,7.4152923,7.8263154,13.760613,2.843642,13.634751,0.43452838,1.8508818,4.6700487,22.356028,19.008793,1.6828805,2.098778,7.5146284,5.842815,1.3462702,13.0785,6.501665,7.2258844,7.097629,8.752764,2.135571,5.746374,14.326462,4.887259,12.002147,10.418825,7.1885386,3.2457933,6.636776,5.118971,16.640818,16.649517,3.7909677,5.9157243,11.4149065,12.9016,5.776505,2.1830244,14.079086,7.468853,21.193415,7.8993244,0.54091567,6.1344185,2.618144,1.1477754,10.98769,5.252673,1.8727558,10.679182,18.541912,7.7967057,6.722002,6.4317575,
Region - Event Centroid Distance To Border - Normalized By Region Radius,0.059533447,0.10551642,0.06535562,0.08707702,0.091188945,0.11001821,0.031516165,0.007755506,0.06256064,0.079574406,0.07467403,0.09957805,0.031766534,0.022718128,0.018829346,0.07086824,0.047719862,0.06404108,0.084353395,0.07690427,0.03268892,0.06876994,0.04538257,0.16109158,0.07749862,0.058826294,0.10491423,0.09021366,0.04768653,0.030766018,0.15883616,0.04766643,0.086196125,0.07419715,0.1052748,0.04941818,0.11898243,0.06473883,0.07586635,0.10529634,0.09188205,0.13211876,0.02938236,0.020908277,0.055041216,0.046799038,0.07806789,0.054396912,0.08786019,0.1014769,0.046937775,0.010751228,0.109268256,0.08662129,0.09456373,0.034910273,0.050280947,0.037415575,0.12634028,0.052750327,0.0811705,0.020179914,0.008914956,0.07987189,0.12944281,0.09390747,0.16098186,0.050974227,0.10170287,0.03741775,0.04956193,0.08356445,0.04772392,0.066604234,0.057441812,0.09066743,0.061501097,0.012196464,0.10767931,0.07765217,0.067417696,0.013929553,0.09346353,0.1253678,0.07282434,0.0059289965,0.10289435,0.14070597,0.03131876,0.10475221,0.09964929,0.08275513,0.16427077,0.006635778,0.08824903,0.10570948,0.06464568,0.020727899,0.023374408,0.049811035,0.083275236,0.10894446,0.08211717,0.068920106,0.13581124,0.037160195,0.007003161,0.0075895893,0.13323873,0.12719907,0.06636396,0.08740756,0.10717473,0.065289654,0.049386427,0.0062896926,0.028244404,0.003874668,0.013166727,0.04997447,0.033471458,0.010036824,0.110169284,0.010245781,0.031471677,0.0076500047,0.106787935,0.09134597,0.08549647,0.12756532,0.100499585,0.144764,0.07430616,0.08094925,0.0556348,0.06671739,0.01799234,0.012969037,0.068438046,0.009359691,0.13486469,0.03568133,0.121086754,0.04248036,0.013033227,0.039213385,0.12815152,0.07973175,0.0063916547,0.094716504,0.058064353,0.103922054,0.0046599354,0.10047811,0.12047739,0.056865882,0.011622811,0.17021228,0.049001116,0.05089916,0.03858447,0.10149681,0.1647626,0.13777488,0.041368693,0.05452421,0.057546437,0.10118098,0.020909132,0.10025553,0.0031950616,0.013609425,0.034338593,0.16438256,0.13977054,0.012374122,0.015432191,0.05525462,0.042961873,0.009899045,0.09616544,0.04780636,0.053131502,0.05218845,0.064358555,0.015702728,0.04225275,0.10534163,0.03593573,0.08825108,0.07660901,0.0528569,0.023866128,0.048799824,0.03763949,0.122358955,0.12242292,0.027874762,0.043497972,0.08393314,0.0948647,0.0424743,0.01605165,0.103522696,0.054918036,0.15583393,0.058083266,0.003977321,0.04510602,0.01925106,0.008439525,0.08079184,0.038622595,0.013770263,0.0785234,0.1363376,0.05732872,0.049426485,0.047292333,
Network - Temporal Density,47,24,30,106,45,92,28,23,27,23,277,46,25,37,36,63,37,26,140,31,22,39,70,78,18,34,47,57,180,29,37,109,60,168,31,48,39,29,29,43,20,94,39,40,36,34,42,101,29,43,18,38,47,35,60,17,29,45,40,26,122,31,49,27,18,53,16,13,70,32,10,50,25,28,21,33,22,44,34,28,24,16,70,37,36,16,44,14,25,47,6,75,30,16,35,35,39,24,15,21,36,25,40,33,36,13,22,49,35,77,278,67,40,64,38,16,31,24,4,34,13,24,29,56,71,16,33,48,15,28,17,39,52,17,46,24,4,14,28,41,128,15,77,36,51,34,44,49,16,24,23,28,15,12,44,9,15,22,10,24,19,10,140,16,8,22,26,25,38,25,15,35,22,26,62,19,28,19,11,3,220,15,10,24,16,29,19,58,22,12,52,45,5,20,14,69,12,25,31,39,22,12,25,2,18,22,18,1,120,14,34,43,13,11,17,32,19,36,7,
Network - Temporal Density With Similar Size Only,11,3,6,6,5,10,5,6,8,7,6,10,7,3,3,13,14,8,5,6,5,10,8,7,5,8,15,3,9,8,9,7,6,9,8,5,11,4,5,14,6,13,14,6,14,9,5,6,5,11,7,7,10,13,6,7,10,5,8,10,4,7,9,9,7,12,3,5,12,5,6,20,9,14,7,9,10,9,8,10,12,6,12,14,8,7,11,4,8,11,4,16,9,12,10,9,6,10,4,5,15,7,19,9,8,3,5,11,7,17,6,13,12,5,10,4,10,6,2,10,4,7,8,8,3,9,8,5,6,8,2,12,14,8,7,9,2,4,6,8,10,2,11,15,9,10,9,20,5,3,9,4,6,4,8,3,6,7,6,9,6,3,9,2,3,11,7,7,11,8,7,3,8,9,15,6,1,9,1,1,10,3,5,10,5,3,10,8,8,2,16,13,4,9,4,16,2,2,13,15,6,6,2,1,11,6,11,1,6,3,7,8,3,1,6,15,10,12,3,
NetWork - Spatial Density,43,44,49,47,44,47,49,47,47,42,56,37,44,45,38,47,38,43,47,44,45,37,45,45,44,36,55,46,47,30,46,55,38,55,29,45,45,44,40,55,43,44,45,47,45,44,29,40,56,38,51,38,37,38,56,40,33,46,49,56,49,52,37,30,39,44,56,47,45,39,52,49,49,39,44,43,45,47,39,43,46,55,45,46,56,42,43,37,46,47,52,49,43,42,47,44,40,39,56,56,29,39,43,38,39,40,37,30,47,47,47,45,29,47,44,49,45,49,44,37,45,46,52,37,47,49,56,55,44,42,39,44,49,43,45,39,45,39,46,44,43,45,30,44,46,47,42,49,47,38,37,39,52,55,47,47,51,52,45,29,38,46,47,43,46,43,49,43,37,43,49,47,49,56,45,45,38,49,45,44,47,47,42,37,49,47,46,49,39,52,40,45,38,36,43,39,47,45,47,52,44,45,49,43,45,56,37,42,43,47,39,42,55,45,47,49,45,47,45,
